log,trades_replayed,final_balance_replayed,max_dd_pct_replayed,worst_balance,wins,losses,fold,final_balance,trades,win_rate_pct,final_balance_gap,trade_count_gap,report_fold
outputs\mt5_1200_fixed_ea_rewf_20260523\dd_replay_risk_2_5_20260524\f118_180\tester_logs\fold_118_tester.log,29,1730.88,-7.25,1113.67,13,16,118,1730.88,58.0,44.8,0.0,-29.0,118
outputs\mt5_1200_fixed_ea_rewf_20260523\dd_replay_risk_2_5_20260524\f118_180\tester_logs\fold_119_tester.log,51,2326.94,-15.34,1111.74,23,28,119,2326.93,102.0,45.1,0.01,-51.0,119
outputs\mt5_1200_fixed_ea_rewf_20260523\dd_replay_risk_2_5_20260524\f118_180\tester_logs\fold_120_tester.log,35,1630.37,-20.09,1078.62,14,21,120,1630.38,70.0,40.0,-0.01,-35.0,120
outputs\mt5_1200_fixed_ea_rewf_20260523\dd_replay_risk_2_5_20260524\f118_180\tester_logs\fold_121_tester.log,22,1487.37,-13.16,1170.38,9,13,121,1487.38,44.0,40.9,-0.01,-22.0,121
outputs\mt5_1200_fixed_ea_rewf_20260523\dd_replay_risk_2_5_20260524\f118_180\tester_logs\fold_122_tester.log,36,1600.61,-18.13,1274.34,14,22,122,1600.56,72.0,38.9,0.05,-36.0,122
outputs\mt5_1200_fixed_ea_rewf_20260523\dd_replay_risk_2_5_20260524\f118_180\tester_logs\fold_123_tester.log,44,3046.35,-14.11,1273.47,24,20,123,3046.39,88.0,54.5,-0.04,-44.0,123
outputs\mt5_1200_fixed_ea_rewf_20260523\dd_replay_risk_2_5_20260524\f118_180\tester_logs\fold_124_tester.log,38,1649.41,-19.57,1274.35,15,23,124,1649.43,76.0,39.5,-0.02,-38.0,124
outputs\mt5_1200_fixed_ea_rewf_20260523\dd_replay_risk_2_5_20260524\f118_180\tester_logs\fold_125_tester.log,28,1641.73,-12.01,1126.1,12,16,125,1641.74,56.0,42.9,-0.01,-28.0,125
outputs\mt5_1200_fixed_ea_rewf_20260523\dd_replay_risk_2_5_20260524\f118_180\tester_logs\fold_126_tester.log,24,2783.26,-5.06,1275.59,17,7,126,2783.25,48.0,70.8,0.01,-24.0,126
outputs\mt5_1200_fixed_ea_rewf_20260523\dd_replay_risk_2_5_20260524\f118_180\tester_logs\fold_127_tester.log,28,1649.71,-7.32,1182.18,12,16,127,1649.7,56.0,42.9,0.01,-28.0,127
outputs\mt5_1200_fixed_ea_rewf_20260523\dd_replay_risk_2_5_20260524\f118_180\tester_logs\fold_128_tester.log,26,1444.58,-17.38,1082.78,10,16,128,1444.59,52.0,38.5,-0.01,-26.0,128
outputs\mt5_1200_fixed_ea_rewf_20260523\dd_replay_risk_2_5_20260524\f118_180\tester_logs\fold_129_tester.log,41,2971.27,-9.49,1151.17,23,18,129,2971.28,82.0,56.1,-0.01,-41.0,129
outputs\mt5_1200_fixed_ea_rewf_20260523\dd_replay_risk_2_5_20260524\f118_180\tester_logs\fold_130_tester.log,39,2078.37,-9.61,1094.9,18,21,130,2078.4,78.0,46.2,-0.03,-39.0,130
outputs\mt5_1200_fixed_ea_rewf_20260523\dd_replay_risk_2_5_20260524\f118_180\tester_logs\fold_131_tester.log,35,2491.12,-9.7,1170.61,19,16,131,2491.09,70.0,54.3,0.03,-35.0,131
outputs\mt5_1200_fixed_ea_rewf_20260523\dd_replay_risk_2_5_20260524\f118_180\tester_logs\fold_132_tester.log,37,2317.16,-9.5,1200.52,19,18,132,2317.16,74.0,51.4,0.0,-37.0,132
outputs\mt5_1200_fixed_ea_rewf_20260523\dd_replay_risk_2_5_20260524\f118_180\tester_logs\fold_133_tester.log,36,3437.71,-4.94,1239.54,23,13,133,3437.76,72.0,63.9,-0.05,-36.0,133
outputs\mt5_1200_fixed_ea_rewf_20260523\dd_replay_risk_2_5_20260524\f118_180\tester_logs\fold_134_tester.log,33,2413.75,-9.59,1212.82,18,15,134,2413.8,66.0,54.5,-0.05,-33.0,134
outputs\mt5_1200_fixed_ea_rewf_20260523\dd_replay_risk_2_5_20260524\f118_180\tester_logs\fold_135_tester.log,33,2046.33,-11.69,1242.16,16,17,135,2046.34,66.0,48.5,-0.01,-33.0,135
outputs\mt5_1200_fixed_ea_rewf_20260523\dd_replay_risk_2_5_20260524\f118_180\tester_logs\fold_136_tester.log,47,5642.65,-7.35,1274.36,32,15,136,5642.65,94.0,68.1,0.0,-47.0,136
outputs\mt5_1200_fixed_ea_rewf_20260523\dd_replay_risk_2_5_20260524\f118_180\tester_logs\fold_137_tester.log,44,2810.04,-7.26,1142.15,23,21,137,2810.0,88.0,52.3,0.04,-44.0,137
outputs\mt5_1200_fixed_ea_rewf_20260523\dd_replay_risk_2_5_20260524\f118_180\tester_logs\fold_138_tester.log,54,3980.65,-13.99,1273.69,30,24,138,3980.63,108.0,55.6,0.02,-54.0,138
outputs\mt5_1200_fixed_ea_rewf_20260523\dd_replay_risk_2_5_20260524\f118_180\tester_logs\fold_139_tester.log,45,2300.9,-12.25,1170.0,21,24,139,2300.9,90.0,46.7,0.0,-45.0,139
outputs\mt5_1200_fixed_ea_rewf_20260523\dd_replay_risk_2_5_20260524\f118_180\tester_logs\fold_140_tester.log,59,3183.43,-16.11,1169.5,30,29,140,3183.35,118.0,50.8,0.08,-59.0,140
outputs\mt5_1200_fixed_ea_rewf_20260523\dd_replay_risk_2_5_20260524\f118_180\tester_logs\fold_141_tester.log,36,3434.67,-7.34,1170.61,23,13,141,3434.67,72.0,63.9,0.0,-36.0,141
outputs\mt5_1200_fixed_ea_rewf_20260523\dd_replay_risk_2_5_20260524\f118_180\tester_logs\fold_142_tester.log,43,2612.41,-9.55,1085.4,22,21,142,2612.39,86.0,51.2,0.02,-43.0,142
outputs\mt5_1200_fixed_ea_rewf_20260523\dd_replay_risk_2_5_20260524\f118_180\tester_logs\fold_143_tester.log,37,2399.57,-7.33,1113.7,19,18,143,2399.57,74.0,51.4,0.0,-37.0,143
outputs\mt5_1200_fixed_ea_rewf_20260523\dd_replay_risk_2_5_20260524\f118_180\tester_logs\fold_144_tester.log,52,5330.31,-4.98,1170.36,33,19,144,5330.3,104.0,63.5,0.01,-52.0,144
outputs\mt5_1200_fixed_ea_rewf_20260523\dd_replay_risk_2_5_20260524\f118_180\tester_logs\fold_145_tester.log,35,2238.4,-13.37,1141.05,18,17,145,2238.39,70.0,51.4,0.01,-35.0,145
outputs\mt5_1200_fixed_ea_rewf_20260523\dd_replay_risk_2_5_20260524\f118_180\tester_logs\fold_146_tester.log,44,3064.64,-14.11,1114.52,24,20,146,3064.66,88.0,54.5,-0.02,-44.0,146
outputs\mt5_1200_fixed_ea_rewf_20260523\dd_replay_risk_2_5_20260524\f118_180\tester_logs\fold_147_tester.log,39,1746.45,-14.01,1146.42,16,23,147,1746.45,78.0,41.0,0.0,-39.0,147
outputs\mt5_1200_fixed_ea_rewf_20260523\dd_replay_risk_2_5_20260524\f118_180\tester_logs\fold_148_tester.log,38,1794.67,-13.21,1275.56,16,22,148,1794.65,76.0,42.1,0.02,-38.0,148
outputs\mt5_1200_fixed_ea_rewf_20260523\dd_replay_risk_2_5_20260524\f118_180\tester_logs\fold_149_tester.log,42,2084.53,-17.51,1127.6,19,23,149,2084.53,84.0,45.2,0.0,-42.0,149
outputs\mt5_1200_fixed_ea_rewf_20260523\dd_replay_risk_2_5_20260524\f118_180\tester_logs\fold_150_tester.log,50,3113.7,-10.8,1271.86,26,24,150,3113.66,100.0,52.0,0.04,-50.0,150
outputs\mt5_1200_fixed_ea_rewf_20260523\dd_replay_risk_2_5_20260524\f118_180\tester_logs\fold_151_tester.log,39,2499.03,-13.05,1043.45,20,19,151,2499.02,78.0,51.3,0.01,-39.0,151
outputs\mt5_1200_fixed_ea_rewf_20260523\dd_replay_risk_2_5_20260524\f118_180\tester_logs\fold_152_tester.log,38,2142.37,-18.4,1174.67,18,20,152,2142.39,76.0,47.4,-0.02,-38.0,152
outputs\mt5_1200_fixed_ea_rewf_20260523\dd_replay_risk_2_5_20260524\f118_180\tester_logs\fold_153_tester.log,23,2019.95,-7.32,1273.01,13,10,153,2019.96,46.0,56.5,-0.01,-23.0,153
outputs\mt5_1200_fixed_ea_rewf_20260523\dd_replay_risk_2_5_20260524\f118_180\tester_logs\fold_154_tester.log,29,2057.8,-9.48,1143.09,15,14,154,2057.83,58.0,51.7,-0.03,-29.0,154
outputs\mt5_1200_fixed_ea_rewf_20260523\dd_replay_risk_2_5_20260524\f118_180\tester_logs\fold_155_tester.log,34,1693.06,-14.13,1086.18,14,20,155,1693.07,68.0,41.2,-0.01,-34.0,155
outputs\mt5_1200_fixed_ea_rewf_20260523\dd_replay_risk_2_5_20260524\f118_180\tester_logs\fold_156_tester.log,43,2035.44,-9.67,1275.18,19,24,156,2035.42,86.0,44.2,0.02,-43.0,156
outputs\mt5_1200_fixed_ea_rewf_20260523\dd_replay_risk_2_5_20260524\f118_180\tester_logs\fold_157_tester.log,26,2605.66,-4.95,1169.24,17,9,157,2605.68,52.0,65.4,-0.02,-26.0,157
outputs\mt5_1200_fixed_ea_rewf_20260523\dd_replay_risk_2_5_20260524\f118_180\tester_logs\fold_158_tester.log,46,3775.82,-8.57,1097.12,28,18,158,3775.79,92.0,60.9,0.03,-46.0,158
outputs\mt5_1200_fixed_ea_rewf_20260523\dd_replay_risk_2_5_20260524\f118_180\tester_logs\fold_159_tester.log,33,2197.58,-13.58,1073.53,17,16,159,2197.55,66.0,51.5,0.03,-33.0,159
outputs\mt5_1200_fixed_ea_rewf_20260523\dd_replay_risk_2_5_20260524\f118_180\tester_logs\fold_160_tester.log,40,2397.1,-17.32,1207.27,20,20,160,2397.07,80.0,50.0,0.03,-40.0,160
outputs\mt5_1200_fixed_ea_rewf_20260523\dd_replay_risk_2_5_20260524\f118_180\tester_logs\fold_161_tester.log,43,4015.03,-11.52,1271.06,27,16,161,4015.01,86.0,62.8,0.02,-43.0,161
outputs\mt5_1200_fixed_ea_rewf_20260523\dd_replay_risk_2_5_20260524\f118_180\tester_logs\fold_162_tester.log,45,2759.96,-13.05,1274.63,23,22,162,2759.96,90.0,51.1,0.0,-45.0,162
outputs\mt5_1200_fixed_ea_rewf_20260523\dd_replay_risk_2_5_20260524\f118_180\tester_logs\fold_163_tester.log,46,2934.55,-10.05,1079.35,24,22,163,2934.5,92.0,52.2,0.05,-46.0,163
outputs\mt5_1200_fixed_ea_rewf_20260523\dd_replay_risk_2_5_20260524\f118_180\tester_logs\fold_164_tester.log,56,3413.78,-24.9,1241.25,32,24,164,3413.79,112.0,57.1,-0.01,-56.0,164
outputs\mt5_1200_fixed_ea_rewf_20260523\dd_replay_risk_2_5_20260524\f118_180\tester_logs\fold_165_tester.log,49,7541.09,-9.39,1141.97,36,13,165,7541.07,98.0,73.5,0.02,-49.0,165
outputs\mt5_1200_fixed_ea_rewf_20260523\dd_replay_risk_2_5_20260524\f118_180\tester_logs\fold_166_tester.log,43,3383.83,-7.16,1240.89,25,18,166,3383.84,86.0,58.1,-0.01,-43.0,166
outputs\mt5_1200_fixed_ea_rewf_20260523\dd_replay_risk_2_5_20260524\f118_180\tester_logs\fold_167_tester.log,69,7503.57,-11.85,1212.34,42,27,167,7503.58,138.0,60.9,-0.01,-69.0,167
outputs\mt5_1200_fixed_ea_rewf_20260523\dd_replay_risk_2_5_20260524\f118_180\tester_logs\fold_168_tester.log,54,5129.05,-7.27,1142.02,33,21,168,5129.08,108.0,61.1,-0.03,-54.0,168
outputs\mt5_1200_fixed_ea_rewf_20260523\dd_replay_risk_2_5_20260524\f118_180\tester_logs\fold_169_tester.log,50,3561.33,-9.56,1272.7,28,22,169,3561.31,100.0,56.0,0.02,-50.0,169
outputs\mt5_1200_fixed_ea_rewf_20260523\dd_replay_risk_2_5_20260524\f118_180\tester_logs\fold_170_tester.log,54,4909.88,-7.26,1240.15,33,21,170,4909.88,108.0,61.1,0.0,-54.0,170
outputs\mt5_1200_fixed_ea_rewf_20260523\dd_replay_risk_2_5_20260524\f118_180\tester_logs\fold_171_tester.log,49,5800.79,-9.44,1147.21,34,15,171,5800.77,98.0,69.4,0.02,-49.0,171
outputs\mt5_1200_fixed_ea_rewf_20260523\dd_replay_risk_2_5_20260524\f118_180\tester_logs\fold_172_tester.log,43,4053.03,-7.11,1301.58,27,16,172,4053.02,86.0,62.8,0.01,-43.0,172
outputs\mt5_1200_fixed_ea_rewf_20260523\dd_replay_risk_2_5_20260524\f118_180\tester_logs\fold_173_tester.log,50,3313.88,-7.31,1171.25,27,23,173,3313.86,100.0,54.0,0.02,-50.0,173
outputs\mt5_1200_fixed_ea_rewf_20260523\dd_replay_risk_2_5_20260524\f118_180\tester_logs\fold_174_tester.log,45,5149.41,-9.83,1239.85,31,14,174,5149.4,90.0,68.9,0.01,-45.0,174
outputs\mt5_1200_fixed_ea_rewf_20260523\dd_replay_risk_2_5_20260524\f118_180\tester_logs\fold_175_tester.log,56,6166.89,-11.78,1242.83,36,20,175,6166.9,112.0,64.3,-0.01,-56.0,175
outputs\mt5_1200_fixed_ea_rewf_20260523\dd_replay_risk_2_5_20260524\f118_180\tester_logs\fold_176_tester.log,30,2337.72,-15.78,1270.87,17,13,176,2337.7,60.0,56.7,0.02,-30.0,176
outputs\mt5_1200_fixed_ea_rewf_20260523\dd_replay_risk_2_5_20260524\f118_180\tester_logs\fold_177_tester.log,42,2252.09,-11.38,1210.26,20,22,177,2252.15,84.0,47.6,-0.06,-42.0,177
outputs\mt5_1200_fixed_ea_rewf_20260523\dd_replay_risk_2_5_20260524\f118_180\tester_logs\fold_178_tester.log,44,4457.82,-7.22,1171.17,28,16,178,4457.88,88.0,63.6,-0.06,-44.0,178
outputs\mt5_1200_fixed_ea_rewf_20260523\dd_replay_risk_2_5_20260524\f118_180\tester_logs\fold_179_tester.log,36,3082.45,-9.85,1170.65,21,15,179,3082.41,72.0,58.3,0.04,-36.0,179
outputs\mt5_1200_fixed_ea_rewf_20260523\dd_replay_risk_2_5_20260524\f118_180\tester_logs\fold_180_tester.log,26,1865.82,-4.29,1221.17,14,12,180,1865.8,52.0,53.8,0.02,-26.0,180
outputs\mt5_1200_fixed_ea_rewf_20260523\dd_replay_risk_2_5_20260524\extend_mar_may\tester_logs\fold_01_tester.log,93,1233.23,-19.16,1038.25,27,66,1,1233.17,186.0,29.0,0.06,-93.0,181
outputs\mt5_1200_fixed_ea_rewf_20260523\dd_replay_risk_2_5_20260524\extend_mar_may\tester_logs\fold_02_tester.log,59,1633.86,-20.15,1178.23,21,38,2,1633.87,118.0,35.6,-0.01,-59.0,182
outputs\mt5_1200_fixed_ea_rewf_20260523\dd_replay_risk_2_5_20260524\extend_mar_may\tester_logs\fold_03_tester.log,50,1353.31,-16.7,1168.03,16,34,3,1353.35,100.0,32.0,-0.04,-50.0,183
