fold,test_start,test_end,signals,deposit,risk_pct,max_positions,max_daily_loss_pct,max_risk_pct,max_exposure_pct,max_dd_kill_pct,max_peak_dd_kill_pct,target_balance_stop,min_entry_drift_r,max_entry_drift_r,trailing_enabled,breakeven_rr,trail_activation_rr,trail_atr_multiple,max_hold_bars,model,final_balance,net_pct,max_dd_pct,trades,tp_hits,sl_hits,win_rate_pct,loaded_signals,report,log,tester_log,report_fold,note
118,2021-01-05 07:00:00,2021-02-04 07:00:00,34,1200,2,1,100,2,2,100,0,0,-999,999,0,0,0,0,0,0,1593.98,32.83,0,58,13,16,44.8,34,C:\Users\doanbacremote\tradingview-mcp\MT5Reports\Report_AISignal_20260523_205332.html,F:\Trading_BOT_AUTO\Trade-Indicator\outputs\monthly180_aggressive_highdd_sweep_20260520\risk_05_10_best_shape\best_mt5\logs\fold_118.log,F:\Trading_BOT_AUTO\Trade-Indicator\outputs\monthly180_aggressive_highdd_sweep_20260520\risk_05_10_best_shape\best_mt5\tester_logs\fold_118_tester.log,118,
119,2021-02-04 07:00:00,2021-03-06 07:00:00,53,1200,2,1,100,2,2,100,0,0,-999,999,0,0,0,0,0,0,2058.64,71.55,0,102,23,28,45.1,53,C:\Users\doanbacremote\tradingview-mcp\MT5Reports\Report_AISignal_20260523_205401.html,F:\Trading_BOT_AUTO\Trade-Indicator\outputs\monthly180_aggressive_highdd_sweep_20260520\risk_05_10_best_shape\best_mt5\logs\fold_119.log,F:\Trading_BOT_AUTO\Trade-Indicator\outputs\monthly180_aggressive_highdd_sweep_20260520\risk_05_10_best_shape\best_mt5\tester_logs\fold_119_tester.log,119,
120,2021-03-06 07:00:00,2021-04-05 07:00:00,35,1200,2,1,100,2,2,100,0,0,-999,999,0,0,0,0,0,0,1539.99,28.33,0,70,14,21,40.0,35,C:\Users\doanbacremote\tradingview-mcp\MT5Reports\Report_AISignal_20260523_205421.html,F:\Trading_BOT_AUTO\Trade-Indicator\outputs\monthly180_aggressive_highdd_sweep_20260520\risk_05_10_best_shape\best_mt5\logs\fold_120.log,F:\Trading_BOT_AUTO\Trade-Indicator\outputs\monthly180_aggressive_highdd_sweep_20260520\risk_05_10_best_shape\best_mt5\tester_logs\fold_120_tester.log,120,
121,2021-04-05 07:00:00,2021-05-05 07:00:00,25,1200,2,1,100,2,2,100,0,0,-999,999,0,0,0,0,0,0,1422.84,18.57,0,44,9,13,40.9,25,C:\Users\doanbacremote\tradingview-mcp\MT5Reports\Report_AISignal_20260523_205440.html,F:\Trading_BOT_AUTO\Trade-Indicator\outputs\monthly180_aggressive_highdd_sweep_20260520\risk_05_10_best_shape\best_mt5\logs\fold_121.log,F:\Trading_BOT_AUTO\Trade-Indicator\outputs\monthly180_aggressive_highdd_sweep_20260520\risk_05_10_best_shape\best_mt5\tester_logs\fold_121_tester.log,121,
122,2021-05-05 07:00:00,2021-06-04 07:00:00,37,1200,2,1,100,2,2,100,0,0,-999,999,0,0,0,0,0,0,1517.73,26.48,0,72,14,22,38.9,37,C:\Users\doanbacremote\tradingview-mcp\MT5Reports\Report_AISignal_20260523_205500.html,F:\Trading_BOT_AUTO\Trade-Indicator\outputs\monthly180_aggressive_highdd_sweep_20260520\risk_05_10_best_shape\best_mt5\logs\fold_122.log,F:\Trading_BOT_AUTO\Trade-Indicator\outputs\monthly180_aggressive_highdd_sweep_20260520\risk_05_10_best_shape\best_mt5\tester_logs\fold_122_tester.log,122,
123,2021-06-04 07:00:00,2021-07-04 07:00:00,44,1200,2,1,100,2,2,100,0,0,-999,999,0,0,0,0,0,0,2545.91,112.16,0,88,24,20,54.5,44,C:\Users\doanbacremote\tradingview-mcp\MT5Reports\Report_AISignal_20260523_205519.html,F:\Trading_BOT_AUTO\Trade-Indicator\outputs\monthly180_aggressive_highdd_sweep_20260520\risk_05_10_best_shape\best_mt5\logs\fold_123.log,F:\Trading_BOT_AUTO\Trade-Indicator\outputs\monthly180_aggressive_highdd_sweep_20260520\risk_05_10_best_shape\best_mt5\tester_logs\fold_123_tester.log,123,
124,2021-07-04 07:00:00,2021-08-03 07:00:00,41,1200,2,1,100,2,2,100,0,0,-999,999,0,0,0,0,0,0,1547.1,28.92,0,76,15,23,39.5,41,C:\Users\doanbacremote\tradingview-mcp\MT5Reports\Report_AISignal_20260523_205539.html,F:\Trading_BOT_AUTO\Trade-Indicator\outputs\monthly180_aggressive_highdd_sweep_20260520\risk_05_10_best_shape\best_mt5\logs\fold_124.log,F:\Trading_BOT_AUTO\Trade-Indicator\outputs\monthly180_aggressive_highdd_sweep_20260520\risk_05_10_best_shape\best_mt5\tester_logs\fold_124_tester.log,124,
125,2021-08-03 07:00:00,2021-09-02 07:00:00,30,1200,2,1,100,2,2,100,0,0,-999,999,0,0,0,0,0,0,1537.93,28.16,0,56,12,16,42.9,30,C:\Users\doanbacremote\tradingview-mcp\MT5Reports\Report_AISignal_20260523_205558.html,F:\Trading_BOT_AUTO\Trade-Indicator\outputs\monthly180_aggressive_highdd_sweep_20260520\risk_05_10_best_shape\best_mt5\logs\fold_125.log,F:\Trading_BOT_AUTO\Trade-Indicator\outputs\monthly180_aggressive_highdd_sweep_20260520\risk_05_10_best_shape\best_mt5\tester_logs\fold_125_tester.log,125,
126,2021-09-02 07:00:00,2021-10-02 07:00:00,25,1200,2,1,100,2,2,100,0,0,-999,999,0,0,0,0,0,0,2354.84,96.24,0,48,17,7,70.8,25,C:\Users\doanbacremote\tradingview-mcp\MT5Reports\Report_AISignal_20260523_205618.html,F:\Trading_BOT_AUTO\Trade-Indicator\outputs\monthly180_aggressive_highdd_sweep_20260520\risk_05_10_best_shape\best_mt5\logs\fold_126.log,F:\Trading_BOT_AUTO\Trade-Indicator\outputs\monthly180_aggressive_highdd_sweep_20260520\risk_05_10_best_shape\best_mt5\tester_logs\fold_126_tester.log,126,
127,2021-10-02 07:00:00,2021-11-01 07:00:00,30,1200,2,1,100,2,2,100,0,0,-999,999,0,0,0,0,0,0,1554.01,29.5,0,56,12,16,42.9,30,C:\Users\doanbacremote\tradingview-mcp\MT5Reports\Report_AISignal_20260523_205637.html,F:\Trading_BOT_AUTO\Trade-Indicator\outputs\monthly180_aggressive_highdd_sweep_20260520\risk_05_10_best_shape\best_mt5\logs\fold_127.log,F:\Trading_BOT_AUTO\Trade-Indicator\outputs\monthly180_aggressive_highdd_sweep_20260520\risk_05_10_best_shape\best_mt5\tester_logs\fold_127_tester.log,127,
128,2021-11-01 07:00:00,2021-12-01 07:00:00,27,1200,2,1,100,2,2,100,0,0,-999,999,0,0,0,0,0,0,1411.64,17.64,0,52,10,16,38.5,27,C:\Users\doanbacremote\tradingview-mcp\MT5Reports\Report_AISignal_20260523_205657.html,F:\Trading_BOT_AUTO\Trade-Indicator\outputs\monthly180_aggressive_highdd_sweep_20260520\risk_05_10_best_shape\best_mt5\logs\fold_128.log,F:\Trading_BOT_AUTO\Trade-Indicator\outputs\monthly180_aggressive_highdd_sweep_20260520\risk_05_10_best_shape\best_mt5\tester_logs\fold_128_tester.log,128,
129,2021-12-01 07:00:00,2021-12-31 07:00:00,44,1200,2,1,100,2,2,100,0,0,-999,999,0,0,0,0,0,0,2516.95,109.75,0,82,23,18,56.1,44,C:\Users\doanbacremote\tradingview-mcp\MT5Reports\Report_AISignal_20260523_205716.html,F:\Trading_BOT_AUTO\Trade-Indicator\outputs\monthly180_aggressive_highdd_sweep_20260520\risk_05_10_best_shape\best_mt5\logs\fold_129.log,F:\Trading_BOT_AUTO\Trade-Indicator\outputs\monthly180_aggressive_highdd_sweep_20260520\risk_05_10_best_shape\best_mt5\tester_logs\fold_129_tester.log,129,
130,2021-12-31 07:00:00,2022-01-30 07:00:00,41,1200,2,1,100,2,2,100,0,0,-999,999,0,0,0,0,0,0,1878.15,56.51,0,78,18,21,46.2,41,C:\Users\doanbacremote\tradingview-mcp\MT5Reports\Report_AISignal_20260523_205736.html,F:\Trading_BOT_AUTO\Trade-Indicator\outputs\monthly180_aggressive_highdd_sweep_20260520\risk_05_10_best_shape\best_mt5\logs\fold_130.log,F:\Trading_BOT_AUTO\Trade-Indicator\outputs\monthly180_aggressive_highdd_sweep_20260520\risk_05_10_best_shape\best_mt5\tester_logs\fold_130_tester.log,130,
131,2022-01-30 07:00:00,2022-03-01 07:00:00,36,1200,2,1,100,2,2,100,0,0,-999,999,0,0,0,0,0,0,2160.0,80.0,0,70,19,16,54.3,36,C:\Users\doanbacremote\tradingview-mcp\MT5Reports\Report_AISignal_20260523_205755.html,F:\Trading_BOT_AUTO\Trade-Indicator\outputs\monthly180_aggressive_highdd_sweep_20260520\risk_05_10_best_shape\best_mt5\logs\fold_131.log,F:\Trading_BOT_AUTO\Trade-Indicator\outputs\monthly180_aggressive_highdd_sweep_20260520\risk_05_10_best_shape\best_mt5\tester_logs\fold_131_tester.log,131,
132,2022-03-01 07:00:00,2022-03-31 07:00:00,37,1200,2,1,100,2,2,100,0,0,-999,999,0,0,0,0,0,0,2053.27,71.11,0,74,19,18,51.4,37,C:\Users\doanbacremote\tradingview-mcp\MT5Reports\Report_AISignal_20260523_205814.html,F:\Trading_BOT_AUTO\Trade-Indicator\outputs\monthly180_aggressive_highdd_sweep_20260520\risk_05_10_best_shape\best_mt5\logs\fold_132.log,F:\Trading_BOT_AUTO\Trade-Indicator\outputs\monthly180_aggressive_highdd_sweep_20260520\risk_05_10_best_shape\best_mt5\tester_logs\fold_132_tester.log,132,
133,2022-03-31 07:00:00,2022-04-30 07:00:00,37,1200,2,1,100,2,2,100,0,0,-999,999,0,0,0,0,0,0,2799.21,133.27,0,72,23,13,63.9,37,C:\Users\doanbacremote\tradingview-mcp\MT5Reports\Report_AISignal_20260523_205834.html,F:\Trading_BOT_AUTO\Trade-Indicator\outputs\monthly180_aggressive_highdd_sweep_20260520\risk_05_10_best_shape\best_mt5\logs\fold_133.log,F:\Trading_BOT_AUTO\Trade-Indicator\outputs\monthly180_aggressive_highdd_sweep_20260520\risk_05_10_best_shape\best_mt5\tester_logs\fold_133_tester.log,133,
134,2022-04-30 07:00:00,2022-05-30 07:00:00,35,1200,2,1,100,2,2,100,0,0,-999,999,0,0,0,0,0,0,2102.5,75.21,0,66,18,15,54.5,35,C:\Users\doanbacremote\tradingview-mcp\MT5Reports\Report_AISignal_20260523_205854.html,F:\Trading_BOT_AUTO\Trade-Indicator\outputs\monthly180_aggressive_highdd_sweep_20260520\risk_05_10_best_shape\best_mt5\logs\fold_134.log,F:\Trading_BOT_AUTO\Trade-Indicator\outputs\monthly180_aggressive_highdd_sweep_20260520\risk_05_10_best_shape\best_mt5\tester_logs\fold_134_tester.log,134,
135,2022-05-30 07:00:00,2022-06-29 07:00:00,36,1200,2,1,100,2,2,100,0,0,-999,999,0,0,0,0,0,0,1840.21,53.35,0,66,16,17,48.5,36,C:\Users\doanbacremote\tradingview-mcp\MT5Reports\Report_AISignal_20260523_205913.html,F:\Trading_BOT_AUTO\Trade-Indicator\outputs\monthly180_aggressive_highdd_sweep_20260520\risk_05_10_best_shape\best_mt5\logs\fold_135.log,F:\Trading_BOT_AUTO\Trade-Indicator\outputs\monthly180_aggressive_highdd_sweep_20260520\risk_05_10_best_shape\best_mt5\tester_logs\fold_135_tester.log,135,
136,2022-06-29 07:00:00,2022-07-29 07:00:00,54,1200,2,1,100,2,2,100,0,0,-999,999,0,0,0,0,0,0,4171.11,247.59,0,94,32,15,68.1,54,C:\Users\doanbacremote\tradingview-mcp\MT5Reports\Report_AISignal_20260523_205933.html,F:\Trading_BOT_AUTO\Trade-Indicator\outputs\monthly180_aggressive_highdd_sweep_20260520\risk_05_10_best_shape\best_mt5\logs\fold_136.log,F:\Trading_BOT_AUTO\Trade-Indicator\outputs\monthly180_aggressive_highdd_sweep_20260520\risk_05_10_best_shape\best_mt5\tester_logs\fold_136_tester.log,136,
137,2022-07-29 07:00:00,2022-08-28 07:00:00,45,1200,2,1,100,2,2,100,0,0,-999,999,0,0,0,0,0,0,2378.22,98.18,0,88,23,21,52.3,45,C:\Users\doanbacremote\tradingview-mcp\MT5Reports\Report_AISignal_20260523_205952.html,F:\Trading_BOT_AUTO\Trade-Indicator\outputs\monthly180_aggressive_highdd_sweep_20260520\risk_05_10_best_shape\best_mt5\logs\fold_137.log,F:\Trading_BOT_AUTO\Trade-Indicator\outputs\monthly180_aggressive_highdd_sweep_20260520\risk_05_10_best_shape\best_mt5\tester_logs\fold_137_tester.log,137,
138,2022-08-28 07:00:00,2022-09-27 07:00:00,56,1200,2,1,100,2,2,100,0,0,-999,999,0,0,0,0,0,0,3133.57,161.13,0,108,30,24,55.6,56,C:\Users\doanbacremote\tradingview-mcp\MT5Reports\Report_AISignal_20260523_210012.html,F:\Trading_BOT_AUTO\Trade-Indicator\outputs\monthly180_aggressive_highdd_sweep_20260520\risk_05_10_best_shape\best_mt5\logs\fold_138.log,F:\Trading_BOT_AUTO\Trade-Indicator\outputs\monthly180_aggressive_highdd_sweep_20260520\risk_05_10_best_shape\best_mt5\tester_logs\fold_138_tester.log,138,
139,2022-09-27 07:00:00,2022-10-27 07:00:00,50,1200,2,1,100,2,2,100,0,0,-999,999,0,0,0,0,0,0,2029.96,69.16,0,90,21,24,46.7,50,C:\Users\doanbacremote\tradingview-mcp\MT5Reports\Report_AISignal_20260523_210031.html,F:\Trading_BOT_AUTO\Trade-Indicator\outputs\monthly180_aggressive_highdd_sweep_20260520\risk_05_10_best_shape\best_mt5\logs\fold_139.log,F:\Trading_BOT_AUTO\Trade-Indicator\outputs\monthly180_aggressive_highdd_sweep_20260520\risk_05_10_best_shape\best_mt5\tester_logs\fold_139_tester.log,139,
140,2022-10-27 07:00:00,2022-11-26 07:00:00,61,1200,2,1,100,2,2,100,0,0,-999,999,0,0,0,0,0,0,2638.61,119.88,0,118,30,29,50.8,61,C:\Users\doanbacremote\tradingview-mcp\MT5Reports\Report_AISignal_20260523_210051.html,F:\Trading_BOT_AUTO\Trade-Indicator\outputs\monthly180_aggressive_highdd_sweep_20260520\risk_05_10_best_shape\best_mt5\logs\fold_140.log,F:\Trading_BOT_AUTO\Trade-Indicator\outputs\monthly180_aggressive_highdd_sweep_20260520\risk_05_10_best_shape\best_mt5\tester_logs\fold_140_tester.log,140,
141,2022-11-26 07:00:00,2022-12-26 07:00:00,39,1200,2,1,100,2,2,100,0,0,-999,999,0,0,0,0,0,0,2781.94,131.83,0,72,23,13,63.9,39,C:\Users\doanbacremote\tradingview-mcp\MT5Reports\Report_AISignal_20260523_210110.html,F:\Trading_BOT_AUTO\Trade-Indicator\outputs\monthly180_aggressive_highdd_sweep_20260520\risk_05_10_best_shape\best_mt5\logs\fold_141.log,F:\Trading_BOT_AUTO\Trade-Indicator\outputs\monthly180_aggressive_highdd_sweep_20260520\risk_05_10_best_shape\best_mt5\tester_logs\fold_141_tester.log,141,
142,2022-12-26 07:00:00,2023-01-25 07:00:00,48,1200,2,1,100,2,2,100,0,0,-999,999,0,0,0,0,0,0,2264.18,88.68,0,86,22,21,51.2,48,C:\Users\doanbacremote\tradingview-mcp\MT5Reports\Report_AISignal_20260523_210130.html,F:\Trading_BOT_AUTO\Trade-Indicator\outputs\monthly180_aggressive_highdd_sweep_20260520\risk_05_10_best_shape\best_mt5\logs\fold_142.log,F:\Trading_BOT_AUTO\Trade-Indicator\outputs\monthly180_aggressive_highdd_sweep_20260520\risk_05_10_best_shape\best_mt5\tester_logs\fold_142_tester.log,142,
143,2023-01-25 07:00:00,2023-02-24 07:00:00,43,1200,2,1,100,2,2,100,0,0,-999,999,0,0,0,0,0,0,2096.35,74.7,0,74,19,18,51.4,43,C:\Users\doanbacremote\tradingview-mcp\MT5Reports\Report_AISignal_20260523_210149.html,F:\Trading_BOT_AUTO\Trade-Indicator\outputs\monthly180_aggressive_highdd_sweep_20260520\risk_05_10_best_shape\best_mt5\logs\fold_143.log,F:\Trading_BOT_AUTO\Trade-Indicator\outputs\monthly180_aggressive_highdd_sweep_20260520\risk_05_10_best_shape\best_mt5\tester_logs\fold_143_tester.log,143,
144,2023-02-24 07:00:00,2023-03-26 07:00:00,61,1200,2,1,100,2,2,100,0,0,-999,999,0,0,0,0,0,0,3983.42,231.95,0,104,33,19,63.5,61,C:\Users\doanbacremote\tradingview-mcp\MT5Reports\Report_AISignal_20260523_210209.html,F:\Trading_BOT_AUTO\Trade-Indicator\outputs\monthly180_aggressive_highdd_sweep_20260520\risk_05_10_best_shape\best_mt5\logs\fold_144.log,F:\Trading_BOT_AUTO\Trade-Indicator\outputs\monthly180_aggressive_highdd_sweep_20260520\risk_05_10_best_shape\best_mt5\tester_logs\fold_144_tester.log,144,
145,2023-03-26 07:00:00,2023-04-25 07:00:00,40,1200,2,1,100,2,2,100,0,0,-999,999,0,0,0,0,0,0,1992.51,66.04,0,70,18,17,51.4,40,C:\Users\doanbacremote\tradingview-mcp\MT5Reports\Report_AISignal_20260523_210228.html,F:\Trading_BOT_AUTO\Trade-Indicator\outputs\monthly180_aggressive_highdd_sweep_20260520\risk_05_10_best_shape\best_mt5\logs\fold_145.log,F:\Trading_BOT_AUTO\Trade-Indicator\outputs\monthly180_aggressive_highdd_sweep_20260520\risk_05_10_best_shape\best_mt5\tester_logs\fold_145_tester.log,145,
146,2023-04-25 07:00:00,2023-05-25 07:00:00,45,1200,2,1,100,2,2,100,0,0,-999,999,0,0,0,0,0,0,2565.53,113.79,0,88,24,20,54.5,45,C:\Users\doanbacremote\tradingview-mcp\MT5Reports\Report_AISignal_20260523_210248.html,F:\Trading_BOT_AUTO\Trade-Indicator\outputs\monthly180_aggressive_highdd_sweep_20260520\risk_05_10_best_shape\best_mt5\logs\fold_146.log,F:\Trading_BOT_AUTO\Trade-Indicator\outputs\monthly180_aggressive_highdd_sweep_20260520\risk_05_10_best_shape\best_mt5\tester_logs\fold_146_tester.log,146,
147,2023-05-25 07:00:00,2023-06-24 07:00:00,40,1200,2,1,100,2,2,100,0,0,-999,999,0,0,0,0,0,0,1624.74,35.39,0,78,16,23,41.0,40,C:\Users\doanbacremote\tradingview-mcp\MT5Reports\Report_AISignal_20260523_210307.html,F:\Trading_BOT_AUTO\Trade-Indicator\outputs\monthly180_aggressive_highdd_sweep_20260520\risk_05_10_best_shape\best_mt5\logs\fold_147.log,F:\Trading_BOT_AUTO\Trade-Indicator\outputs\monthly180_aggressive_highdd_sweep_20260520\risk_05_10_best_shape\best_mt5\tester_logs\fold_147_tester.log,147,
148,2023-06-24 07:00:00,2023-07-24 07:00:00,42,1200,2,1,100,2,2,100,0,0,-999,999,0,0,0,0,0,0,1655.92,37.99,0,76,16,22,42.1,42,C:\Users\doanbacremote\tradingview-mcp\MT5Reports\Report_AISignal_20260523_210327.html,F:\Trading_BOT_AUTO\Trade-Indicator\outputs\monthly180_aggressive_highdd_sweep_20260520\risk_05_10_best_shape\best_mt5\logs\fold_148.log,F:\Trading_BOT_AUTO\Trade-Indicator\outputs\monthly180_aggressive_highdd_sweep_20260520\risk_05_10_best_shape\best_mt5\tester_logs\fold_148_tester.log,148,
149,2023-07-24 07:00:00,2023-08-23 07:00:00,43,1200,2,1,100,2,2,100,0,0,-999,999,0,0,0,0,0,0,1899.97,58.33,0,84,19,23,45.2,43,C:\Users\doanbacremote\tradingview-mcp\MT5Reports\Report_AISignal_20260523_210346.html,F:\Trading_BOT_AUTO\Trade-Indicator\outputs\monthly180_aggressive_highdd_sweep_20260520\risk_05_10_best_shape\best_mt5\logs\fold_149.log,F:\Trading_BOT_AUTO\Trade-Indicator\outputs\monthly180_aggressive_highdd_sweep_20260520\risk_05_10_best_shape\best_mt5\tester_logs\fold_149_tester.log,149,
150,2023-08-23 07:00:00,2023-09-22 07:00:00,51,1200,2,1,100,2,2,100,0,0,-999,999,0,0,0,0,0,0,2599.86,116.66,0,100,26,24,52.0,51,C:\Users\doanbacremote\tradingview-mcp\MT5Reports\Report_AISignal_20260523_210405.html,F:\Trading_BOT_AUTO\Trade-Indicator\outputs\monthly180_aggressive_highdd_sweep_20260520\risk_05_10_best_shape\best_mt5\logs\fold_150.log,F:\Trading_BOT_AUTO\Trade-Indicator\outputs\monthly180_aggressive_highdd_sweep_20260520\risk_05_10_best_shape\best_mt5\tester_logs\fold_150_tester.log,150,
151,2023-09-22 07:00:00,2023-10-22 07:00:00,40,1200,2,1,100,2,2,100,0,0,-999,999,0,0,0,0,0,0,2134.98,77.92,0,78,20,19,51.3,40,C:\Users\doanbacremote\tradingview-mcp\MT5Reports\Report_AISignal_20260523_210425.html,F:\Trading_BOT_AUTO\Trade-Indicator\outputs\monthly180_aggressive_highdd_sweep_20260520\risk_05_10_best_shape\best_mt5\logs\fold_151.log,F:\Trading_BOT_AUTO\Trade-Indicator\outputs\monthly180_aggressive_highdd_sweep_20260520\risk_05_10_best_shape\best_mt5\tester_logs\fold_151_tester.log,151,
152,2023-10-22 07:00:00,2023-11-21 07:00:00,42,1200,2,1,100,2,2,100,0,0,-999,999,0,0,0,0,0,0,1910.99,59.25,0,76,18,20,47.4,42,C:\Users\doanbacremote\tradingview-mcp\MT5Reports\Report_AISignal_20260523_210444.html,F:\Trading_BOT_AUTO\Trade-Indicator\outputs\monthly180_aggressive_highdd_sweep_20260520\risk_05_10_best_shape\best_mt5\logs\fold_152.log,F:\Trading_BOT_AUTO\Trade-Indicator\outputs\monthly180_aggressive_highdd_sweep_20260520\risk_05_10_best_shape\best_mt5\tester_logs\fold_152_tester.log,152,
153,2023-11-21 07:00:00,2023-12-21 07:00:00,27,1200,2,1,100,2,2,100,0,0,-999,999,0,0,0,0,0,0,1821.4,51.78,0,46,13,10,56.5,27,C:\Users\doanbacremote\tradingview-mcp\MT5Reports\Report_AISignal_20260523_210504.html,F:\Trading_BOT_AUTO\Trade-Indicator\outputs\monthly180_aggressive_highdd_sweep_20260520\risk_05_10_best_shape\best_mt5\logs\fold_153.log,F:\Trading_BOT_AUTO\Trade-Indicator\outputs\monthly180_aggressive_highdd_sweep_20260520\risk_05_10_best_shape\best_mt5\tester_logs\fold_153_tester.log,153,
154,2023-12-21 07:00:00,2024-01-20 07:00:00,32,1200,2,1,100,2,2,100,0,0,-999,999,0,0,0,0,0,0,1865.98,55.5,0,58,15,14,51.7,32,C:\Users\doanbacremote\tradingview-mcp\MT5Reports\Report_AISignal_20260523_210523.html,F:\Trading_BOT_AUTO\Trade-Indicator\outputs\monthly180_aggressive_highdd_sweep_20260520\risk_05_10_best_shape\best_mt5\logs\fold_154.log,F:\Trading_BOT_AUTO\Trade-Indicator\outputs\monthly180_aggressive_highdd_sweep_20260520\risk_05_10_best_shape\best_mt5\tester_logs\fold_154_tester.log,154,
155,2024-01-20 07:00:00,2024-02-19 07:00:00,35,1200,2,1,100,2,2,100,0,0,-999,999,0,0,0,0,0,0,1585.35,32.11,0,68,14,20,41.2,35,C:\Users\doanbacremote\tradingview-mcp\MT5Reports\Report_AISignal_20260523_210543.html,F:\Trading_BOT_AUTO\Trade-Indicator\outputs\monthly180_aggressive_highdd_sweep_20260520\risk_05_10_best_shape\best_mt5\logs\fold_155.log,F:\Trading_BOT_AUTO\Trade-Indicator\outputs\monthly180_aggressive_highdd_sweep_20260520\risk_05_10_best_shape\best_mt5\tester_logs\fold_155_tester.log,155,
156,2024-02-19 07:00:00,2024-03-20 07:00:00,44,1200,2,1,100,2,2,100,0,0,-999,999,0,0,0,0,0,0,1854.45,54.54,0,86,19,24,44.2,44,C:\Users\doanbacremote\tradingview-mcp\MT5Reports\Report_AISignal_20260523_210603.html,F:\Trading_BOT_AUTO\Trade-Indicator\outputs\monthly180_aggressive_highdd_sweep_20260520\risk_05_10_best_shape\best_mt5\logs\fold_156.log,F:\Trading_BOT_AUTO\Trade-Indicator\outputs\monthly180_aggressive_highdd_sweep_20260520\risk_05_10_best_shape\best_mt5\tester_logs\fold_156_tester.log,156,
157,2024-03-20 07:00:00,2024-04-19 07:00:00,26,1200,2,1,100,2,2,100,0,0,-999,999,0,0,0,0,0,0,2250.7,87.56,0,52,17,9,65.4,26,C:\Users\doanbacremote\tradingview-mcp\MT5Reports\Report_AISignal_20260523_210622.html,F:\Trading_BOT_AUTO\Trade-Indicator\outputs\monthly180_aggressive_highdd_sweep_20260520\risk_05_10_best_shape\best_mt5\logs\fold_157.log,F:\Trading_BOT_AUTO\Trade-Indicator\outputs\monthly180_aggressive_highdd_sweep_20260520\risk_05_10_best_shape\best_mt5\tester_logs\fold_157_tester.log,157,
158,2024-04-19 07:00:00,2024-05-19 07:00:00,48,1200,2,1,100,2,2,100,0,0,-999,999,0,0,0,0,0,0,2997.01,149.75,0,92,28,18,60.9,48,C:\Users\doanbacremote\tradingview-mcp\MT5Reports\Report_AISignal_20260523_210642.html,F:\Trading_BOT_AUTO\Trade-Indicator\outputs\monthly180_aggressive_highdd_sweep_20260520\risk_05_10_best_shape\best_mt5\logs\fold_158.log,F:\Trading_BOT_AUTO\Trade-Indicator\outputs\monthly180_aggressive_highdd_sweep_20260520\risk_05_10_best_shape\best_mt5\tester_logs\fold_158_tester.log,158,
159,2024-05-19 07:00:00,2024-06-18 07:00:00,37,1200,2,1,100,2,2,100,0,0,-999,999,0,0,0,0,0,0,1948.52,62.38,0,66,17,16,51.5,37,C:\Users\doanbacremote\tradingview-mcp\MT5Reports\Report_AISignal_20260523_210701.html,F:\Trading_BOT_AUTO\Trade-Indicator\outputs\monthly180_aggressive_highdd_sweep_20260520\risk_05_10_best_shape\best_mt5\logs\fold_159.log,F:\Trading_BOT_AUTO\Trade-Indicator\outputs\monthly180_aggressive_highdd_sweep_20260520\risk_05_10_best_shape\best_mt5\tester_logs\fold_159_tester.log,159,
160,2024-06-18 07:00:00,2024-07-18 07:00:00,42,1200,2,1,100,2,2,100,0,0,-999,999,0,0,0,0,0,0,2106.09,75.51,0,80,20,20,50.0,42,C:\Users\doanbacremote\tradingview-mcp\MT5Reports\Report_AISignal_20260523_210721.html,F:\Trading_BOT_AUTO\Trade-Indicator\outputs\monthly180_aggressive_highdd_sweep_20260520\risk_05_10_best_shape\best_mt5\logs\fold_160.log,F:\Trading_BOT_AUTO\Trade-Indicator\outputs\monthly180_aggressive_highdd_sweep_20260520\risk_05_10_best_shape\best_mt5\tester_logs\fold_160_tester.log,160,
161,2024-07-18 07:00:00,2024-08-17 07:00:00,46,1200,2,1,100,2,2,100,0,0,-999,999,0,0,0,0,0,0,3125.72,160.48,0,86,27,16,62.8,46,C:\Users\doanbacremote\tradingview-mcp\MT5Reports\Report_AISignal_20260523_210740.html,F:\Trading_BOT_AUTO\Trade-Indicator\outputs\monthly180_aggressive_highdd_sweep_20260520\risk_05_10_best_shape\best_mt5\logs\fold_161.log,F:\Trading_BOT_AUTO\Trade-Indicator\outputs\monthly180_aggressive_highdd_sweep_20260520\risk_05_10_best_shape\best_mt5\tester_logs\fold_161_tester.log,161,
162,2024-08-17 07:00:00,2024-09-16 07:00:00,49,1200,2,1,100,2,2,100,0,0,-999,999,0,0,0,0,0,0,2306.4,92.2,0,90,23,22,51.1,49,C:\Users\doanbacremote\tradingview-mcp\MT5Reports\Report_AISignal_20260523_210800.html,F:\Trading_BOT_AUTO\Trade-Indicator\outputs\monthly180_aggressive_highdd_sweep_20260520\risk_05_10_best_shape\best_mt5\logs\fold_162.log,F:\Trading_BOT_AUTO\Trade-Indicator\outputs\monthly180_aggressive_highdd_sweep_20260520\risk_05_10_best_shape\best_mt5\tester_logs\fold_162_tester.log,162,
163,2024-09-16 07:00:00,2024-10-16 07:00:00,52,1200,2,1,100,2,2,100,0,0,-999,999,0,0,0,0,0,0,2427.95,102.33,0,92,24,22,52.2,52,C:\Users\doanbacremote\tradingview-mcp\MT5Reports\Report_AISignal_20260523_210819.html,F:\Trading_BOT_AUTO\Trade-Indicator\outputs\monthly180_aggressive_highdd_sweep_20260520\risk_05_10_best_shape\best_mt5\logs\fold_163.log,F:\Trading_BOT_AUTO\Trade-Indicator\outputs\monthly180_aggressive_highdd_sweep_20260520\risk_05_10_best_shape\best_mt5\tester_logs\fold_163_tester.log,163,
164,2024-10-16 07:00:00,2024-11-15 07:00:00,58,1200,2,1,100,2,2,100,0,0,-999,999,0,0,0,0,0,0,2774.91,131.24,0,112,32,24,57.1,58,C:\Users\doanbacremote\tradingview-mcp\MT5Reports\Report_AISignal_20260523_210839.html,F:\Trading_BOT_AUTO\Trade-Indicator\outputs\monthly180_aggressive_highdd_sweep_20260520\risk_05_10_best_shape\best_mt5\logs\fold_164.log,F:\Trading_BOT_AUTO\Trade-Indicator\outputs\monthly180_aggressive_highdd_sweep_20260520\risk_05_10_best_shape\best_mt5\tester_logs\fold_164_tester.log,164,
165,2024-11-15 07:00:00,2024-12-15 07:00:00,59,1200,2,1,100,2,2,100,0,0,-999,999,0,0,0,0,0,0,5183.28,331.94,0,98,36,13,73.5,59,C:\Users\doanbacremote\tradingview-mcp\MT5Reports\Report_AISignal_20260523_210858.html,F:\Trading_BOT_AUTO\Trade-Indicator\outputs\monthly180_aggressive_highdd_sweep_20260520\risk_05_10_best_shape\best_mt5\logs\fold_165.log,F:\Trading_BOT_AUTO\Trade-Indicator\outputs\monthly180_aggressive_highdd_sweep_20260520\risk_05_10_best_shape\best_mt5\tester_logs\fold_165_tester.log,165,
166,2024-12-15 07:00:00,2025-01-14 07:00:00,50,1200,2,1,100,2,2,100,0,0,-999,999,0,0,0,0,0,0,2773.83,131.15,0,86,25,18,58.1,50,C:\Users\doanbacremote\tradingview-mcp\MT5Reports\Report_AISignal_20260523_210917.html,F:\Trading_BOT_AUTO\Trade-Indicator\outputs\monthly180_aggressive_highdd_sweep_20260520\risk_05_10_best_shape\best_mt5\logs\fold_166.log,F:\Trading_BOT_AUTO\Trade-Indicator\outputs\monthly180_aggressive_highdd_sweep_20260520\risk_05_10_best_shape\best_mt5\tester_logs\fold_166_tester.log,166,
167,2025-01-14 07:00:00,2025-02-13 07:00:00,75,1200,2,1,100,2,2,100,0,0,-999,999,0,0,0,0,0,0,5224.27,335.36,0,138,42,27,60.9,75,C:\Users\doanbacremote\tradingview-mcp\MT5Reports\Report_AISignal_20260523_210937.html,F:\Trading_BOT_AUTO\Trade-Indicator\outputs\monthly180_aggressive_highdd_sweep_20260520\risk_05_10_best_shape\best_mt5\logs\fold_167.log,F:\Trading_BOT_AUTO\Trade-Indicator\outputs\monthly180_aggressive_highdd_sweep_20260520\risk_05_10_best_shape\best_mt5\tester_logs\fold_167_tester.log,167,
168,2025-02-13 07:00:00,2025-03-15 07:00:00,61,1200,2,1,100,2,2,100,0,0,-999,999,0,0,0,0,0,0,3877.25,223.1,0,108,33,21,61.1,61,C:\Users\doanbacremote\tradingview-mcp\MT5Reports\Report_AISignal_20260523_210956.html,F:\Trading_BOT_AUTO\Trade-Indicator\outputs\monthly180_aggressive_highdd_sweep_20260520\risk_05_10_best_shape\best_mt5\logs\fold_168.log,F:\Trading_BOT_AUTO\Trade-Indicator\outputs\monthly180_aggressive_highdd_sweep_20260520\risk_05_10_best_shape\best_mt5\tester_logs\fold_168_tester.log,168,
169,2025-03-15 07:00:00,2025-04-14 07:00:00,53,1200,2,1,100,2,2,100,0,0,-999,999,0,0,0,0,0,0,2886.54,140.54,0,100,28,22,56.0,53,C:\Users\doanbacremote\tradingview-mcp\MT5Reports\Report_AISignal_20260523_211016.html,F:\Trading_BOT_AUTO\Trade-Indicator\outputs\monthly180_aggressive_highdd_sweep_20260520\risk_05_10_best_shape\best_mt5\logs\fold_169.log,F:\Trading_BOT_AUTO\Trade-Indicator\outputs\monthly180_aggressive_highdd_sweep_20260520\risk_05_10_best_shape\best_mt5\tester_logs\fold_169_tester.log,169,
170,2025-04-14 07:00:00,2025-05-14 07:00:00,56,1200,2,1,100,2,2,100,0,0,-999,999,0,0,0,0,0,0,3669.5,205.79,0,108,33,21,61.1,56,C:\Users\doanbacremote\tradingview-mcp\MT5Reports\Report_AISignal_20260523_211035.html,F:\Trading_BOT_AUTO\Trade-Indicator\outputs\monthly180_aggressive_highdd_sweep_20260520\risk_05_10_best_shape\best_mt5\logs\fold_170.log,F:\Trading_BOT_AUTO\Trade-Indicator\outputs\monthly180_aggressive_highdd_sweep_20260520\risk_05_10_best_shape\best_mt5\tester_logs\fold_170_tester.log,170,
171,2025-05-14 07:00:00,2025-06-13 07:00:00,51,1200,2,1,100,2,2,100,0,0,-999,999,0,0,0,0,0,0,4212.43,251.04,0,98,34,15,69.4,51,C:\Users\doanbacremote\tradingview-mcp\MT5Reports\Report_AISignal_20260523_211055.html,F:\Trading_BOT_AUTO\Trade-Indicator\outputs\monthly180_aggressive_highdd_sweep_20260520\risk_05_10_best_shape\best_mt5\logs\fold_171.log,F:\Trading_BOT_AUTO\Trade-Indicator\outputs\monthly180_aggressive_highdd_sweep_20260520\risk_05_10_best_shape\best_mt5\tester_logs\fold_171_tester.log,171,
172,2025-06-13 07:00:00,2025-07-13 07:00:00,45,1200,2,1,100,2,2,100,0,0,-999,999,0,0,0,0,0,0,3208.94,167.41,0,86,27,16,62.8,45,C:\Users\doanbacremote\tradingview-mcp\MT5Reports\Report_AISignal_20260523_211114.html,F:\Trading_BOT_AUTO\Trade-Indicator\outputs\monthly180_aggressive_highdd_sweep_20260520\risk_05_10_best_shape\best_mt5\logs\fold_172.log,F:\Trading_BOT_AUTO\Trade-Indicator\outputs\monthly180_aggressive_highdd_sweep_20260520\risk_05_10_best_shape\best_mt5\tester_logs\fold_172_tester.log,172,
173,2025-07-13 07:00:00,2025-08-12 07:00:00,56,1200,2,1,100,2,2,100,0,0,-999,999,0,0,0,0,0,0,2650.93,120.91,0,100,27,23,54.0,56,C:\Users\doanbacremote\tradingview-mcp\MT5Reports\Report_AISignal_20260523_211134.html,F:\Trading_BOT_AUTO\Trade-Indicator\outputs\monthly180_aggressive_highdd_sweep_20260520\risk_05_10_best_shape\best_mt5\logs\fold_173.log,F:\Trading_BOT_AUTO\Trade-Indicator\outputs\monthly180_aggressive_highdd_sweep_20260520\risk_05_10_best_shape\best_mt5\tester_logs\fold_173_tester.log,173,
174,2025-08-12 07:00:00,2025-09-11 07:00:00,48,1200,2,1,100,2,2,100,0,0,-999,999,0,0,0,0,0,0,3860.37,221.7,0,90,31,14,68.9,48,C:\Users\doanbacremote\tradingview-mcp\MT5Reports\Report_AISignal_20260523_211153.html,F:\Trading_BOT_AUTO\Trade-Indicator\outputs\monthly180_aggressive_highdd_sweep_20260520\risk_05_10_best_shape\best_mt5\logs\fold_174.log,F:\Trading_BOT_AUTO\Trade-Indicator\outputs\monthly180_aggressive_highdd_sweep_20260520\risk_05_10_best_shape\best_mt5\tester_logs\fold_174_tester.log,174,
175,2025-09-11 07:00:00,2025-10-11 07:00:00,59,1200,2,1,100,2,2,100,0,0,-999,999,0,0,0,0,0,0,4401.94,266.83,0,112,36,20,64.3,59,C:\Users\doanbacremote\tradingview-mcp\MT5Reports\Report_AISignal_20260523_211213.html,F:\Trading_BOT_AUTO\Trade-Indicator\outputs\monthly180_aggressive_highdd_sweep_20260520\risk_05_10_best_shape\best_mt5\logs\fold_175.log,F:\Trading_BOT_AUTO\Trade-Indicator\outputs\monthly180_aggressive_highdd_sweep_20260520\risk_05_10_best_shape\best_mt5\tester_logs\fold_175_tester.log,175,
176,2025-10-11 07:00:00,2025-11-10 07:00:00,36,1200,2,1,100,2,2,100,0,0,-999,999,0,0,0,0,0,0,2065.65,72.14,0,60,17,13,56.7,36,C:\Users\doanbacremote\tradingview-mcp\MT5Reports\Report_AISignal_20260523_211232.html,F:\Trading_BOT_AUTO\Trade-Indicator\outputs\monthly180_aggressive_highdd_sweep_20260520\risk_05_10_best_shape\best_mt5\logs\fold_176.log,F:\Trading_BOT_AUTO\Trade-Indicator\outputs\monthly180_aggressive_highdd_sweep_20260520\risk_05_10_best_shape\best_mt5\tester_logs\fold_176_tester.log,176,
177,2025-11-10 07:00:00,2025-12-10 07:00:00,46,1200,2,1,100,2,2,100,0,0,-999,999,0,0,0,0,0,0,1934.97,61.25,0,84,20,22,47.6,46,C:\Users\doanbacremote\tradingview-mcp\MT5Reports\Report_AISignal_20260523_211252.html,F:\Trading_BOT_AUTO\Trade-Indicator\outputs\monthly180_aggressive_highdd_sweep_20260520\risk_05_10_best_shape\best_mt5\logs\fold_177.log,F:\Trading_BOT_AUTO\Trade-Indicator\outputs\monthly180_aggressive_highdd_sweep_20260520\risk_05_10_best_shape\best_mt5\tester_logs\fold_177_tester.log,177,
178,2025-12-10 07:00:00,2026-01-09 07:00:00,47,1200,2,1,100,2,2,100,0,0,-999,999,0,0,0,0,0,0,3360.43,180.04,0,88,28,16,63.6,47,C:\Users\doanbacremote\tradingview-mcp\MT5Reports\Report_AISignal_20260523_211311.html,F:\Trading_BOT_AUTO\Trade-Indicator\outputs\monthly180_aggressive_highdd_sweep_20260520\risk_05_10_best_shape\best_mt5\logs\fold_178.log,F:\Trading_BOT_AUTO\Trade-Indicator\outputs\monthly180_aggressive_highdd_sweep_20260520\risk_05_10_best_shape\best_mt5\tester_logs\fold_178_tester.log,178,
179,2026-01-09 07:00:00,2026-02-08 07:00:00,41,1200,2,1,100,2,2,100,0,0,-999,999,0,0,0,0,0,0,2498.3,108.19,0,72,21,15,58.3,41,C:\Users\doanbacremote\tradingview-mcp\MT5Reports\Report_AISignal_20260523_211331.html,F:\Trading_BOT_AUTO\Trade-Indicator\outputs\monthly180_aggressive_highdd_sweep_20260520\risk_05_10_best_shape\best_mt5\logs\fold_179.log,F:\Trading_BOT_AUTO\Trade-Indicator\outputs\monthly180_aggressive_highdd_sweep_20260520\risk_05_10_best_shape\best_mt5\tester_logs\fold_179_tester.log,179,
180,2026-02-08 07:00:00,2026-03-10 07:00:00,30,1200,2,1,100,2,2,100,0,0,-999,999,0,0,0,0,0,0,1815.25,51.27,0,52,14,12,53.8,30,C:\Users\doanbacremote\tradingview-mcp\MT5Reports\Report_AISignal_20260523_211350.html,F:\Trading_BOT_AUTO\Trade-Indicator\outputs\monthly180_aggressive_highdd_sweep_20260520\risk_05_10_best_shape\best_mt5\logs\fold_180.log,F:\Trading_BOT_AUTO\Trade-Indicator\outputs\monthly180_aggressive_highdd_sweep_20260520\risk_05_10_best_shape\best_mt5\tester_logs\fold_180_tester.log,180,
1,2026-03-10 07:00:00,2026-04-09 07:00:00,120,1200,2,1,100,2,2,100,0,0,-999,999,0,0,0,0,0,0,1246.71,3.89,0,186,27,66,29.0,120,C:\Users\doanbacremote\tradingview-mcp\MT5Reports\Report_AISignal_20260523_215203.html,F:\Trading_BOT_AUTO\Trade-Indicator\outputs\mt5_1200_fixed_ea_rewf_20260523\extend_to_may_2026\signals_same_recipe\best_mt5\logs\fold_01.log,F:\Trading_BOT_AUTO\Trade-Indicator\outputs\mt5_1200_fixed_ea_rewf_20260523\extend_to_may_2026\signals_same_recipe\best_mt5\tester_logs\fold_01_tester.log,181,Mar 10-Apr 09 2026
2,2026-04-09 07:00:00,2026-05-09 07:00:00,68,1200,2,1,100,2,2,100,0,0,-999,999,0,0,0,0,0,0,1512.84,26.07,0,118,21,38,35.6,68,C:\Users\doanbacremote\tradingview-mcp\MT5Reports\Report_AISignal_20260523_215223.html,F:\Trading_BOT_AUTO\Trade-Indicator\outputs\mt5_1200_fixed_ea_rewf_20260523\extend_to_may_2026\signals_same_recipe\best_mt5\logs\fold_02.log,F:\Trading_BOT_AUTO\Trade-Indicator\outputs\mt5_1200_fixed_ea_rewf_20260523\extend_to_may_2026\signals_same_recipe\best_mt5\tester_logs\fold_02_tester.log,182,Apr 09-May 09 2026
3,2026-05-09 07:00:00,2026-05-23 00:00:00,65,1200,2,1,100,2,2,100,0,0,-999,999,0,0,0,0,0,0,1285.09,7.09,0,100,16,34,32.0,65,C:\Users\doanbacremote\tradingview-mcp\MT5Reports\Report_AISignal_20260523_215242.html,F:\Trading_BOT_AUTO\Trade-Indicator\outputs\mt5_1200_fixed_ea_rewf_20260523\extend_to_may_2026\signals_same_recipe\best_mt5\logs\fold_03.log,F:\Trading_BOT_AUTO\Trade-Indicator\outputs\mt5_1200_fixed_ea_rewf_20260523\extend_to_may_2026\signals_same_recipe\best_mt5\tester_logs\fold_03_tester.log,183,May 09-May 23 2026 partial
