low_mult,mid_mult,high_mult,score,median_final,min_final,mean_final,worst_dd_pct,loss_folds,total_active_trades,median_wr_pct
1.3,1.4,0.8,3421.59,3702.39,1625.81,4655.18,-35.1,0,2561,52.27
1.3,1.4,1.0,3421.59,3702.39,1625.81,4656.71,-35.1,0,2561,52.27
1.3,1.4,1.15,3421.59,3702.39,1625.81,4657.86,-35.1,0,2561,52.27
1.3,1.4,1.3,3421.59,3702.39,1625.81,4659.01,-35.1,0,2561,52.27
1.3,1.4,1.5,3421.59,3702.39,1625.81,4660.54,-35.1,0,2561,52.27
1.15,1.4,0.8,3263.3,3554.9,1620.86,4530.87,-36.45,0,2561,52.27
1.15,1.4,1.0,3263.3,3554.9,1620.86,4532.4,-36.45,0,2561,52.27
1.15,1.4,1.15,3263.3,3554.9,1620.86,4533.55,-36.45,0,2561,52.27
1.15,1.4,1.3,3263.3,3554.9,1620.86,4534.7,-36.45,0,2561,52.27
1.15,1.4,1.5,3263.3,3554.9,1620.86,4536.23,-36.45,0,2561,52.27
1.3,1.25,0.8,3235.89,3495.01,1584.77,4401.06,-32.39,0,2561,52.27
1.3,1.25,1.0,3235.89,3495.01,1584.77,4402.59,-32.39,0,2561,52.27
1.3,1.25,1.15,3235.89,3495.01,1584.77,4403.74,-32.39,0,2561,52.27
1.3,1.25,1.3,3235.89,3495.01,1584.77,4404.89,-32.39,0,2561,52.27
1.3,1.25,1.5,3235.89,3495.01,1584.77,4406.42,-32.39,0,2561,52.27
1.15,1.25,0.8,3154.23,3423.75,1579.83,4276.76,-33.69,0,2561,52.27
1.15,1.25,1.0,3154.23,3423.75,1579.83,4278.29,-33.69,0,2561,52.27
1.15,1.25,1.15,3154.23,3423.75,1579.83,4279.44,-33.69,0,2561,52.27
1.15,1.25,1.3,3154.23,3423.75,1579.83,4280.59,-33.69,0,2561,52.27
1.15,1.25,1.5,3154.23,3423.75,1579.83,4282.12,-33.69,0,2561,52.27
1.0,1.4,0.8,3118.33,3421.61,1615.92,4406.57,-37.91,0,2561,52.27
1.0,1.4,1.0,3118.33,3421.61,1615.92,4408.1,-37.91,0,2561,52.27
1.0,1.4,1.15,3118.33,3421.61,1615.92,4409.25,-37.91,0,2561,52.27
1.0,1.4,1.3,3118.33,3421.61,1615.92,4410.4,-37.91,0,2561,52.27
1.0,1.4,1.5,3118.33,3421.61,1615.92,4411.93,-37.91,0,2561,52.27
1.0,1.25,0.8,2995.53,3276.25,1574.89,4152.45,-35.09,0,2561,52.27
1.0,1.25,1.0,2995.53,3276.25,1574.89,4153.98,-35.09,0,2561,52.27
1.0,1.25,1.15,2995.53,3276.25,1574.89,4155.13,-35.09,0,2561,52.27
1.0,1.25,1.3,2995.53,3276.25,1574.89,4156.28,-35.09,0,2561,52.27
1.0,1.25,1.5,2995.53,3276.25,1574.89,4157.81,-35.09,0,2561,52.27
1.3,1.1,0.8,2994.97,3232.97,1543.74,4146.95,-29.75,0,2561,52.27
1.3,1.1,1.0,2994.97,3232.97,1543.74,4148.48,-29.75,0,2561,52.27
1.3,1.1,1.15,2994.97,3232.97,1543.74,4149.63,-29.75,0,2561,52.27
1.3,1.1,1.3,2994.97,3232.97,1543.74,4150.78,-29.75,0,2561,52.27
1.3,1.1,1.5,2994.97,3232.97,1543.74,4152.31,-29.75,0,2561,52.27
0.75,1.4,0.8,2993.36,3318.4,1580.96,4199.39,-40.63,0,2561,52.27
0.75,1.4,1.0,2993.36,3318.4,1580.96,4200.92,-40.63,0,2561,52.27
0.75,1.4,1.15,2993.36,3318.4,1580.96,4202.07,-40.63,0,2561,52.27
0.75,1.4,1.3,2993.36,3318.4,1580.96,4203.22,-40.63,0,2561,52.27
0.75,1.4,1.5,2993.36,3318.4,1580.96,4204.75,-40.63,0,2561,52.27
1.15,1.1,0.8,2974.36,3220.12,1538.8,4022.64,-30.72,0,2561,52.27
1.15,1.1,1.0,2974.36,3220.12,1538.8,4024.18,-30.72,0,2561,52.27
1.15,1.1,1.15,2974.36,3220.12,1538.8,4025.32,-30.72,0,2561,52.27
1.15,1.1,1.3,2974.36,3220.12,1538.8,4026.47,-30.72,0,2561,52.27
1.15,1.1,1.5,2974.36,3220.12,1538.8,4028.01,-30.72,0,2561,52.27
1.0,1.1,0.8,2888.7,3145.1,1533.86,3898.34,-32.05,0,2561,52.27
1.0,1.1,1.0,2888.7,3145.1,1533.86,3899.87,-32.05,0,2561,52.27
1.0,1.1,1.15,2888.7,3145.1,1533.86,3901.02,-32.05,0,2561,52.27
1.0,1.1,1.3,2888.7,3145.1,1533.86,3902.17,-32.05,0,2561,52.27
1.0,1.1,1.5,2888.7,3145.1,1533.86,3903.7,-32.05,0,2561,52.27
0.5,1.4,0.8,2865.12,3215.2,1427.42,3992.22,-43.76,0,2561,52.27
0.5,1.4,1.0,2865.12,3215.2,1427.42,3993.75,-43.76,0,2561,52.27
0.5,1.4,1.15,2865.12,3215.2,1427.42,3994.9,-43.76,0,2561,52.27
0.5,1.4,1.3,2865.12,3215.2,1427.42,3996.05,-43.76,0,2561,52.27
0.5,1.4,1.5,2865.12,3215.2,1427.42,3997.58,-43.76,0,2561,52.27
1.3,1.0,0.8,2854.22,3091.74,1516.38,3977.54,-29.69,0,2561,52.27
1.3,1.0,1.0,2854.22,3091.74,1516.38,3979.07,-29.69,0,2561,52.27
1.3,1.0,1.15,2854.22,3091.74,1516.38,3980.22,-29.69,0,2561,52.27
1.3,1.0,1.3,2854.22,3091.74,1516.38,3981.37,-29.69,0,2561,52.27
1.3,1.0,1.5,2854.22,3091.74,1516.38,3982.9,-29.69,0,2561,52.27
0.75,1.25,0.8,2823.0,3124.6,1566.65,3945.28,-37.7,0,2561,52.27
0.75,1.25,1.0,2823.0,3124.6,1566.65,3946.81,-37.7,0,2561,52.27
0.75,1.25,1.15,2823.0,3124.6,1566.65,3947.96,-37.7,0,2561,52.27
0.75,1.25,1.3,2823.0,3124.6,1566.65,3949.11,-37.7,0,2561,52.27
0.75,1.25,1.5,2823.0,3124.6,1566.65,3950.64,-37.7,0,2561,52.27
1.15,1.0,0.8,2816.47,3045.43,1511.44,3853.23,-28.62,0,2561,52.27
1.15,1.0,1.0,2816.47,3045.43,1511.44,3854.76,-28.62,0,2561,52.27
1.15,1.0,1.15,2816.47,3045.43,1511.44,3855.91,-28.62,0,2561,52.27
1.15,1.0,1.3,2816.47,3045.43,1511.44,3857.06,-28.62,0,2561,52.27
1.15,1.0,1.5,2816.47,3045.43,1511.44,3858.59,-28.62,0,2561,52.27
1.0,1.0,0.8,2793.46,3032.58,1506.5,3728.93,-29.89,0,2561,52.27
1.0,1.0,1.0,2793.46,3032.58,1506.5,3730.46,-29.89,0,2561,52.27
1.0,1.0,1.15,2793.46,3032.58,1506.5,3731.61,-29.89,0,2561,52.27
1.0,1.0,1.3,2793.46,3032.58,1506.5,3732.76,-29.89,0,2561,52.27
1.0,1.0,1.5,2793.46,3032.58,1506.5,3734.29,-29.89,0,2561,52.27
0.5,1.25,0.8,2695.56,3021.4,1435.95,3738.1,-40.73,0,2561,52.27
0.5,1.25,1.0,2695.56,3021.4,1435.95,3739.63,-40.73,0,2561,52.27
0.5,1.25,1.15,2695.56,3021.4,1435.95,3740.78,-40.73,0,2561,52.27
0.5,1.25,1.3,2695.56,3021.4,1435.95,3741.93,-40.73,0,2561,52.27
0.5,1.25,1.5,2695.56,3021.4,1435.95,3743.46,-40.73,0,2561,52.27
1.3,0.8,0.8,2674.56,2911.2,1461.67,3638.72,-29.58,0,2561,52.27
1.3,0.8,1.0,2674.56,2911.2,1461.67,3640.25,-29.58,0,2561,52.27
1.3,0.8,1.15,2674.56,2911.2,1461.67,3641.4,-29.58,0,2561,52.27
1.3,0.8,1.3,2674.56,2911.2,1461.67,3642.55,-29.58,0,2561,52.27
1.3,0.8,1.5,2674.56,2911.2,1461.67,3644.08,-29.58,0,2561,52.27
0.75,1.1,0.8,2654.56,2930.8,1525.62,3691.16,-34.53,0,2561,52.27
0.75,1.1,1.0,2654.56,2930.8,1525.62,3692.69,-34.53,0,2561,52.27
0.75,1.1,1.15,2654.56,2930.8,1525.62,3693.84,-34.53,0,2561,52.27
0.75,1.1,1.3,2654.56,2930.8,1525.62,3694.99,-34.53,0,2561,52.27
0.75,1.1,1.5,2654.56,2930.8,1525.62,3696.52,-34.53,0,2561,52.27
1.15,0.8,0.8,2573.06,2786.34,1456.73,3514.41,-26.66,0,2561,52.27
1.15,0.8,1.0,2573.06,2786.34,1456.73,3515.95,-26.66,0,2561,52.27
1.15,0.8,1.15,2573.06,2786.34,1456.73,3517.09,-26.66,0,2561,52.27
1.15,0.8,1.3,2573.06,2786.34,1456.73,3518.24,-26.66,0,2561,52.27
1.15,0.8,1.5,2573.06,2786.34,1456.73,3519.78,-26.66,0,2561,52.27
0.75,1.0,0.8,2553.68,2811.84,1498.26,3521.75,-32.27,0,2561,52.27
0.75,1.0,1.0,2553.68,2811.84,1498.26,3523.28,-32.27,0,2561,52.27
0.75,1.0,1.15,2553.68,2811.84,1498.26,3524.43,-32.27,0,2561,52.27
0.75,1.0,1.3,2553.68,2811.84,1498.26,3525.58,-32.27,0,2561,52.27
0.75,1.0,1.5,2553.68,2811.84,1498.26,3527.11,-32.27,0,2561,52.27
1.3,0.6,0.8,2548.35,2784.11,1406.84,3299.9,-29.47,0,2561,52.27
1.3,0.6,1.0,2548.35,2784.11,1406.84,3301.43,-29.47,0,2561,52.27
1.3,0.6,1.15,2548.35,2784.11,1406.84,3302.58,-29.47,0,2561,52.27
1.3,0.6,1.3,2548.35,2784.11,1406.84,3303.73,-29.47,0,2561,52.27
1.3,0.6,1.5,2548.35,2784.11,1406.84,3305.26,-29.47,0,2561,52.27
0.5,1.1,0.8,2528.24,2827.6,1444.49,3483.99,-37.42,0,2561,52.27
0.5,1.1,1.0,2528.24,2827.6,1444.49,3485.52,-37.42,0,2561,52.27
0.5,1.1,1.15,2528.24,2827.6,1444.49,3486.67,-37.42,0,2561,52.27
0.5,1.1,1.3,2528.24,2827.6,1444.49,3487.82,-37.42,0,2561,52.27
0.5,1.1,1.5,2528.24,2827.6,1444.49,3489.35,-37.42,0,2561,52.27
1.0,0.8,0.8,2485.1,2686.86,1451.79,3390.11,-25.22,0,2561,52.27
1.0,0.8,1.0,2485.1,2686.86,1451.79,3391.64,-25.22,0,2561,52.27
1.0,0.8,1.15,2485.1,2686.86,1451.79,3392.79,-25.22,0,2561,52.27
1.0,0.8,1.3,2485.1,2686.86,1451.79,3393.94,-25.22,0,2561,52.27
1.0,0.8,1.5,2485.1,2686.86,1451.79,3395.47,-25.22,0,2561,52.27
1.15,0.6,0.8,2433.32,2645.32,1402.02,3175.59,-26.5,0,2561,52.27
1.15,0.6,1.0,2433.32,2645.32,1402.02,3177.13,-26.5,0,2561,52.27
1.15,0.6,1.15,2433.32,2645.32,1402.02,3178.27,-26.5,0,2561,52.27
1.15,0.6,1.3,2433.32,2645.32,1402.02,3179.42,-26.5,0,2561,52.27
1.15,0.6,1.5,2433.32,2645.32,1402.02,3180.96,-26.5,0,2561,52.27
0.75,0.8,0.8,2418.24,2636.96,1443.55,3182.93,-27.34,0,2561,52.27
0.75,0.8,1.0,2418.24,2636.96,1443.55,3184.47,-27.34,0,2561,52.27
0.75,0.8,1.15,2418.24,2636.96,1443.55,3185.61,-27.34,0,2561,52.27
0.75,0.8,1.3,2418.24,2636.96,1443.55,3186.76,-27.34,0,2561,52.27
0.75,0.8,1.5,2418.24,2636.96,1443.55,3188.3,-27.34,0,2561,52.27
0.5,1.0,0.8,2417.92,2698.4,1450.18,3314.58,-35.06,0,2561,52.27
0.5,1.0,1.0,2417.92,2698.4,1450.18,3316.11,-35.06,0,2561,52.27
0.5,1.0,1.15,2417.92,2698.4,1450.18,3317.26,-35.06,0,2561,52.27
0.5,1.0,1.3,2417.92,2698.4,1450.18,3318.41,-35.06,0,2561,52.27
0.5,1.0,1.5,2417.92,2698.4,1450.18,3319.94,-35.06,0,2561,52.27
1.0,0.6,0.8,2318.69,2506.53,1397.08,3051.29,-23.48,0,2561,52.27
1.0,0.6,1.0,2318.69,2506.53,1397.08,3052.82,-23.48,0,2561,52.27
1.0,0.6,1.15,2318.69,2506.53,1397.08,3053.97,-23.48,0,2561,52.27
1.0,0.6,1.3,2318.69,2506.53,1397.08,3055.12,-23.48,0,2561,52.27
1.0,0.6,1.5,2318.69,2506.53,1397.08,3056.65,-23.48,0,2561,52.27
0.0,1.4,0.8,2232.01,2976.17,1120.33,3577.87,-61.77,1,1443,57.89
0.0,1.4,1.0,2232.01,2976.17,1120.33,3579.4,-61.77,1,1443,57.89
0.0,1.4,1.15,2232.01,2976.17,1120.33,3580.55,-61.77,1,1443,57.89
0.0,1.4,1.3,2232.01,2976.17,1120.33,3581.7,-61.77,1,1443,57.89
0.0,1.4,1.5,2232.01,2976.17,1120.33,3583.23,-61.77,1,1443,57.89
0.5,0.8,0.8,2201.12,2440.0,1435.32,2975.76,-29.86,0,2561,52.27
0.5,0.8,1.0,2201.12,2440.0,1435.32,2977.29,-29.86,0,2561,52.27
0.5,0.8,1.15,2201.12,2440.0,1435.32,2978.44,-29.86,0,2561,52.27
0.5,0.8,1.3,2201.12,2440.0,1435.32,2979.59,-29.86,0,2561,52.27
0.5,0.8,1.5,2201.12,2440.0,1435.32,2981.12,-29.86,0,2561,52.27
0.75,0.6,0.8,2140.74,2315.14,1388.84,2844.11,-21.8,0,2561,52.27
0.75,0.6,1.0,2140.74,2315.14,1388.84,2845.64,-21.8,0,2561,52.27
0.75,0.6,1.15,2140.74,2315.14,1388.84,2846.79,-21.8,0,2561,52.27
0.75,0.6,1.3,2140.74,2315.14,1388.84,2847.94,-21.8,0,2561,52.27
0.75,0.6,1.5,2140.74,2315.14,1388.84,2849.48,-21.8,0,2561,52.27
0.0,1.25,1.5,2079.39,2793.47,1128.86,3329.11,-58.01,1,1443,57.89
0.0,1.25,0.8,2071.78,2785.86,1128.86,3323.75,-58.01,1,1443,57.89
0.0,1.25,1.0,2071.78,2785.86,1128.86,3325.28,-58.01,1,1443,57.89
0.0,1.25,1.15,2071.78,2785.86,1128.86,3326.43,-58.01,1,1443,57.89
0.0,1.25,1.3,2071.78,2785.86,1128.86,3327.58,-58.01,1,1443,57.89
0.5,0.6,0.8,2024.75,2216.27,1380.61,2636.94,-23.94,0,2561,52.27
0.5,0.6,1.0,2024.75,2216.27,1380.61,2638.47,-23.94,0,2561,52.27
0.5,0.6,1.15,2024.75,2216.27,1380.61,2639.62,-23.94,0,2561,52.27
0.5,0.6,1.3,2024.75,2216.27,1380.61,2640.77,-23.94,0,2561,52.27
0.5,0.6,1.5,2024.75,2216.27,1380.61,2642.3,-23.94,0,2561,52.27
0.0,1.1,1.5,1926.72,2607.52,1137.4,3075.0,-53.85,1,1443,57.89
0.0,1.1,1.3,1919.63,2600.43,1137.4,3073.47,-53.85,1,1443,57.89
0.0,1.1,0.8,1914.76,2595.56,1137.4,3069.64,-53.85,1,1443,57.89
0.0,1.1,1.0,1914.76,2595.56,1137.4,3071.17,-53.85,1,1443,57.89
0.0,1.1,1.15,1914.76,2595.56,1137.4,3072.32,-53.85,1,1443,57.89
0.0,1.0,1.3,1823.08,2479.56,1143.09,2904.06,-50.81,1,1443,57.89
0.0,1.0,1.5,1823.08,2479.56,1143.09,2905.59,-50.81,1,1443,57.89
0.0,1.0,1.15,1813.73,2470.21,1143.09,2902.91,-50.81,1,1443,57.89
0.0,1.0,0.8,1812.21,2468.69,1143.09,2900.23,-50.81,1,1443,57.89
0.0,1.0,1.0,1812.21,2468.69,1143.09,2901.76,-50.81,1,1443,57.89
0.0,0.8,1.15,1621.81,2223.65,1154.47,2564.09,-43.98,1,1443,57.89
0.0,0.8,1.3,1621.81,2223.65,1154.47,2565.24,-43.98,1,1443,57.89
0.0,0.8,1.5,1621.81,2223.65,1154.47,2566.77,-43.98,1,1443,57.89
0.0,0.8,1.0,1621.63,2223.47,1154.47,2562.94,-43.98,1,1443,57.89
0.0,0.8,0.8,1613.11,2214.95,1154.47,2561.41,-43.98,1,1443,57.89
0.0,0.6,0.8,1430.22,1967.74,1165.85,2222.59,-35.94,1,1443,57.89
0.0,0.6,1.0,1430.22,1967.74,1165.85,2224.12,-35.94,1,1443,57.89
0.0,0.6,1.15,1430.22,1967.74,1165.85,2225.27,-35.94,1,1443,57.89
0.0,0.6,1.3,1430.22,1967.74,1165.85,2226.42,-35.94,1,1443,57.89
0.0,0.6,1.5,1430.22,1967.74,1165.85,2227.95,-35.94,1,1443,57.89
