fold,low_mult,mid_mult,high_mult,source,final,net_pct,worst_dd_pct,active_trades,wr_pct,loss_fold
118,1.0,1.0,1.0,bootstrap_baseline,1875.34,56.28,-8.71,29,44.83,False
119,1.0,1.0,1.0,bootstrap_baseline,2632.94,119.41,-18.23,51,45.1,False
120,1.0,1.0,1.0,bootstrap_baseline,1716.75,43.06,-23.87,35,40.0,False
121,1.0,1.0,1.0,bootstrap_baseline,1545.4,28.78,-15.71,22,40.91,False
122,1.0,1.0,1.0,bootstrap_baseline,1696.14,41.34,-21.53,36,38.89,False
123,1.0,1.0,1.0,bootstrap_baseline,3654.98,204.58,-16.79,44,54.55,False
124,1.0,1.0,1.0,bootstrap_baseline,1764.75,47.06,-22.49,38,39.47,False
125,1.0,1.0,1.0,bootstrap_baseline,1755.84,46.32,-14.29,28,42.86,False
126,1.0,1.0,1.0,bootstrap_baseline,3284.52,173.71,-5.58,24,70.83,False
127,1.0,1.0,1.0,bootstrap_baseline,1757.27,46.44,-8.78,28,42.86,False
128,1.0,1.0,1.0,bootstrap_baseline,1506.5,25.54,-20.52,26,38.46,False
129,1.0,1.0,1.0,bootstrap_baseline,3490.39,190.87,-11.4,41,56.1,False
130,1.0,1.4,0.8,prior_fold_selector,2423.79,101.98,-12.37,39,46.15,False
131,1.0,1.4,0.8,prior_fold_selector,3304.59,175.38,-11.28,35,54.29,False
132,1.3,1.4,0.8,prior_fold_selector,3226.37,168.86,-14.54,37,51.35,False
133,1.3,1.4,0.8,prior_fold_selector,5292.97,341.08,-7.15,36,63.89,False
134,1.3,1.4,0.8,prior_fold_selector,3292.47,174.37,-12.85,33,54.55,False
135,1.3,1.4,0.8,prior_fold_selector,2618.07,118.17,-16.11,33,48.48,False
136,1.3,1.4,0.8,prior_fold_selector,9921.57,726.8,-9.47,47,68.09,False
137,1.3,1.4,0.8,prior_fold_selector,4074.46,239.54,-10.49,44,52.27,False
138,1.3,1.4,1.5,prior_fold_selector,6469.57,439.13,-18.09,54,55.56,False
139,1.3,1.4,1.5,prior_fold_selector,3112.97,159.41,-17.69,45,46.67,False
140,1.3,1.4,1.5,prior_fold_selector,4823.57,301.96,-21.3,59,50.85,False
141,1.3,1.4,1.5,prior_fold_selector,5299.76,341.65,-9.5,36,63.89,False
142,1.3,1.4,1.5,prior_fold_selector,3757.04,213.09,-15.67,43,51.16,False
143,1.3,1.4,0.8,prior_fold_selector,3254.31,171.19,-11.47,37,51.35,False
144,1.3,1.4,0.8,prior_fold_selector,9261.29,671.77,-6.56,52,63.46,False
145,1.3,1.4,0.8,prior_fold_selector,3081.08,156.76,-20.1,35,51.43,False
146,1.3,1.4,0.8,prior_fold_selector,4617.54,284.79,-18.2,44,54.55,False
147,1.3,1.4,0.8,prior_fold_selector,2141.53,78.46,-20.05,39,41.03,False
148,1.3,1.4,0.8,prior_fold_selector,2224.49,85.37,-17.51,38,42.11,False
149,1.3,1.4,0.8,prior_fold_selector,2651.42,120.95,-25.71,42,45.24,False
150,1.3,1.4,1.5,prior_fold_selector,4525.17,277.1,-13.79,50,52.0,False
151,1.3,1.4,0.8,prior_fold_selector,3545.45,195.45,-19.15,39,51.28,False
152,1.3,1.4,0.8,prior_fold_selector,2860.45,138.37,-24.71,38,47.37,False
153,1.3,1.4,0.8,prior_fold_selector,2605.31,117.11,-10.99,23,56.52,False
154,1.3,1.4,1.5,prior_fold_selector,2677.64,123.14,-13.43,29,51.72,False
155,1.3,1.4,1.5,prior_fold_selector,2076.08,73.01,-19.09,34,41.18,False
156,1.3,1.4,1.5,prior_fold_selector,2555.35,112.95,-13.24,43,44.19,False
157,1.3,1.4,0.8,prior_fold_selector,3702.39,208.53,-7.85,26,65.38,False
158,1.3,1.4,1.5,prior_fold_selector,5953.31,396.11,-13.49,46,60.87,False
159,1.3,1.4,1.5,prior_fold_selector,2991.36,149.28,-20.86,33,51.52,False
160,1.3,1.4,1.5,prior_fold_selector,3294.64,174.55,-24.12,40,50.0,False
161,1.3,1.4,1.5,prior_fold_selector,6444.7,437.06,-17.44,43,62.79,False
162,1.3,1.4,1.5,prior_fold_selector,3945.59,228.8,-19.41,45,51.11,False
163,1.3,1.4,0.8,prior_fold_selector,4290.3,257.53,-17.0,46,52.17,False
164,1.3,1.4,0.8,prior_fold_selector,5078.44,323.2,-35.1,56,57.14,False
165,1.3,1.4,0.8,prior_fold_selector,14336.31,1094.69,-13.58,49,73.47,False
166,1.3,1.4,0.8,prior_fold_selector,5250.89,337.57,-9.63,43,58.14,False
167,1.3,1.4,0.8,prior_fold_selector,14532.43,1111.04,-14.92,69,60.87,False
168,1.3,1.4,0.8,prior_fold_selector,8911.43,642.62,-9.36,54,61.11,False
169,1.3,1.4,0.8,prior_fold_selector,5666.92,372.24,-12.12,50,56.0,False
170,1.3,1.4,0.8,prior_fold_selector,8867.14,638.93,-7.73,54,61.11,False
171,1.3,1.4,0.8,prior_fold_selector,10283.15,756.93,-12.74,49,69.39,False
172,1.3,1.4,0.8,prior_fold_selector,6609.34,450.78,-10.31,43,62.79,False
173,1.3,1.4,0.8,prior_fold_selector,5074.69,322.89,-9.97,50,54.0,False
174,1.3,1.4,0.8,prior_fold_selector,9106.07,658.84,-15.0,45,68.89,False
175,1.3,1.4,0.8,prior_fold_selector,11317.72,843.14,-15.98,56,64.29,False
176,1.3,1.4,0.8,prior_fold_selector,3196.24,166.35,-20.26,30,56.67,False
177,1.3,1.4,0.8,prior_fold_selector,3080.23,156.69,-16.02,42,47.62,False
178,1.3,1.4,0.8,prior_fold_selector,7210.64,500.89,-9.54,44,63.64,False
179,1.3,1.4,0.8,prior_fold_selector,4688.57,290.71,-14.03,36,58.33,False
180,1.3,1.4,0.8,prior_fold_selector,2557.29,113.11,-7.12,26,53.85,False
